,y,x,time
0,38.961977865280836,-77.0162438205496,52.266666666666666
1,38.906648179661715,-77.04927539429258,34.166666666666664
2,38.869299540449866,-76.94321148108449,53.0
3,38.89415504701068,-77.00437103972591,41.56666666666667
4,38.91027899223672,-77.04067577232489,37.85
5,38.79686552521653,-77.03774879880473,42.1
6,38.90705272049374,-77.01782054116707,41.35
7,38.93570658404265,-77.03146299127118,42.083333333333336
8,38.92454662293774,-76.97467355034466,52.8
9,38.91809458161573,-77.03876166888031,37.43333333333333
10,38.93825248022935,-76.97572881511478,55.7
11,38.914190134651975,-77.08253877925982,33.7
12,38.89622177358963,-77.01302681152136,37.766666666666666
13,38.870533957905,-76.99815875767402,46.25
14,38.90876564584067,-76.98715901760998,50.88333333333333
15,38.91529150112054,-77.02801612558576,41.55
16,38.98831119355248,-77.04088896920459,38.7
17,38.84893520808062,-77.0247869021764,45.7
18,38.91335254482158,-77.08372545371483,33.43333333333333
19,38.91014011808313,-77.02360071990432,41.35
20,38.979535763042534,-77.04311324572352,38.333333333333336
21,38.96321170876399,-77.08090173798925,34.85
22,38.841452222125405,-77.00263350397388,46.93333333333333
23,38.892151048457315,-76.92042443145095,56.8
24,38.81041146050087,-77.02030527721695,44.2
25,38.880590001665425,-77.02656647677229,39.55
26,38.95262569752116,-77.07962731807332,35.55
27,38.88800504294825,-77.0283552874994,34.8
28,38.90979544162829,-77.03985375679696,36.75
29,38.84667814417483,-77.01403756182296,44.68333333333333
30,38.92095064277549,-76.97803336460377,51.9
31,38.90979455120804,-77.03585912621901,36.7
32,38.90180726036879,-77.02375444446999,37.55
33,38.91708002404647,-76.96760098187492,55.5
34,38.92451214694045,-77.06324512496832,36.21666666666667
35,38.83406168527132,-77.02516824389953,45.266666666666666
36,38.81308589552148,-77.0119398707812,44.083333333333336
37,38.85391111239578,-76.97217405798973,51.166666666666664
38,38.83243139101088,-77.02944472504907,45.05
39,38.94826317887288,-77.10120648440993,30.35
40,38.94542219010966,-77.07410857028341,36.96666666666667
41,38.89051427704222,-76.99461759066197,42.11666666666667
42,38.859149776740345,-76.99398639835837,48.78333333333333
43,38.918869598772794,-77.0601856961069,32.483333333333334
44,38.9372660339211,-77.04390494321446,41.983333333333334
45,38.9726655767945,-77.06151173242209,38.9
46,38.904451628930325,-77.04638919470072,32.6
47,38.85560367203832,-76.96247679929637,52.083333333333336
48,38.88932615751226,-77.02084758737067,37.3
49,38.907953181983366,-77.05219894281053,35.416666666666664
50,38.92492875281396,-77.03178755978927,43.016666666666666
51,38.91231278886547,-77.05038483399471,33.53333333333333
52,38.922155061212806,-77.01932181673536,47.81666666666667
53,38.911125399044884,-76.98579593595207,49.733333333333334
54,38.84664191839127,-77.03018975358394,45.85
55,38.9529221812923,-77.05547826599488,41.56666666666667
56,38.8078563723598,-77.02757359509182,38.333333333333336
57,38.821662071881114,-77.01731146816161,39.81666666666667
58,38.93427865597079,-77.0813361532724,34.96666666666667
59,38.956609879579354,-77.07737703452635,35.766666666666666
60,38.828175658526455,-77.00895836625308,44.516666666666666
61,38.92369063129718,-76.99764273960925,51.38333333333333
62,38.93416688527138,-76.9966272266784,53.9
63,38.875571867989166,-77.0426923116375,30.25
64,38.93025709788674,-76.99210653373542,54.3
65,38.82359288708246,-76.99840153902132,47.61666666666667
66,38.89736252375818,-76.97308773229638,49.016666666666666
67,38.92563411995169,-76.97850364023478,52.36666666666667
68,38.88216508661112,-77.02414832160542,35.11666666666667
69,38.899852362257555,-76.92491702840576,53.666666666666664
70,38.806653780024625,-77.02904582282835,38.25
71,38.873574484988616,-76.98417421252073,44.03333333333333
72,38.90781121247794,-77.00672718436316,46.06666666666667
73,38.95318057202129,-77.06174984910703,39.63333333333333
74,38.860034235254936,-76.98554639706809,46.81666666666667
75,38.84227224520163,-76.9944729230761,47.233333333333334
76,38.86769242905036,-77.0093712226601,40.483333333333334
77,38.843420846004456,-77.00369144541745,46.8
78,38.88441202277355,-76.96658878734827,41.38333333333333
79,38.824442363439594,-77.00313267116182,48.6
80,38.94163870626353,-77.05445049228376,39.65
81,38.98425439040061,-77.04448603867164,36.95
82,38.89285901534742,-77.05680255255476,26.5
83,38.93715432234115,-76.98200449805185,54.53333333333333
84,38.978753335624596,-77.06065208729873,37.416666666666664
85,38.93699478504381,-77.10652206366397,31.683333333333334
86,38.940020219114984,-77.04199010316778,41.35
87,38.79477411776287,-77.03654395775068,36.06666666666667
88,38.89339507957438,-77.02334552345373,36.7
89,38.91230311174092,-76.96644846756793,57.18333333333333
90,38.91843753367175,-77.03239037435326,42.083333333333336
91,38.95049958669894,-77.01052207205183,50.71666666666667
92,38.87742966546592,-77.00674630987383,37.666666666666664
93,38.920988383838754,-77.09130188161517,35.96666666666667
94,38.903368526870004,-77.00922225728485,41.21666666666667
95,38.96510217414851,-77.0798694025602,34.85
96,38.864845425527406,-76.99498933092818,42.016666666666666
97,38.97790248064547,-77.03829710540656,45.016666666666666
98,38.86350888853894,-76.98384372281538,46.21666666666667
99,38.88721706579866,-76.9642255609982,42.03333333333333
100,38.88365315818727,-77.00722512868931,39.083333333333336
101,38.85242234439701,-76.99881417134576,47.93333333333333
102,38.81316726109954,-77.02467073796583,38.68333333333333
103,38.891230009172965,-76.96540596227788,46.833333333333336
104,38.876043561032525,-77.00459330615799,39.5
105,38.845605755210855,-76.99343378890033,46.13333333333333
106,38.8886625294175,-76.94980751778971,53.083333333333336
107,38.89776987851527,-77.00104437459967,42.45
108,38.884686999406696,-77.02374581903395,38.96666666666667
109,38.835165250981234,-77.0210709612151,44.85
110,38.956186937134426,-77.02295937453876,47.68333333333333
111,38.95199287483378,-77.06510802674158,39.61666666666667
112,38.891432843535284,-76.91909459962623,54.016666666666666
113,38.95565683262282,-77.04286992511447,43.78333333333333
114,38.90713045550127,-76.96530229799346,53.5
115,38.9277968550978,-77.03284253805353,41.88333333333333
116,38.96008071281383,-77.06567007461646,39.96666666666667
117,38.90316996692867,-76.93850457314034,53.55
118,38.968145715670836,-77.02553486115278,45.65
119,38.938426108163135,-77.09648112351124,34.266666666666666
120,38.856574698959875,-76.96366630358015,52.2
121,38.833948538673006,-77.01738442183246,44.11666666666667
122,38.9785683574477,-77.04222046165263,38.68333333333333
123,38.93874494845142,-76.97480852140494,56.083333333333336
124,38.88397627138711,-76.99710080671602,39.483333333333334
125,38.95412020786064,-76.99308376551625,56.11666666666667
126,38.96431457570337,-77.02417612705361,47.5
127,38.96216555567674,-77.05681188985874,40.75
128,38.92279877485645,-77.0300185716528,42.68333333333333
129,38.93352902982566,-77.04042496385803,40.38333333333333
130,38.919993313422246,-77.03169542103977,41.233333333333334
131,38.851326702824096,-77.01024798641635,44.61666666666667
132,38.86924852731197,-77.0240455273624,43.13333333333333
133,38.896741494998366,-76.91485156931502,57.96666666666667
134,38.828070874841515,-76.99285272313047,48.983333333333334
135,38.929854769747124,-76.988975283459,52.46666666666667
136,38.91801171982798,-77.0755169404901,35.7
137,38.857736922036125,-76.98751196209427,46.03333333333333
138,38.899556187623375,-77.04283919772203,32.6
139,38.94178788412601,-77.00189485610237,52.45
140,38.84203391184608,-76.99446321695201,47.25
141,38.917960545656484,-77.03294968989903,41.53333333333333
142,38.92462632223625,-77.08222618563786,38.083333333333336
143,38.97394143479496,-77.04422187038512,40.233333333333334
144,38.875554001334606,-77.03876407187367,35.53333333333333
145,38.93254654639811,-77.03513612242816,41.03333333333333
146,38.89258497736773,-76.98086409481184,48.68333333333333
147,38.88254785284158,-76.9823993246067,42.36666666666667
148,38.911536076599205,-77.07618213315453,36.016666666666666
149,38.878059603132236,-77.03668966460832,33.25
150,38.91321065646256,-77.0225433506963,42.35
151,38.91710438884254,-77.09278071915675,35.36666666666667
152,38.8773297775621,-77.0399495162013,36.13333333333333
153,38.87387958410883,-77.04227349029975,35.96666666666667
154,38.939167788872716,-77.01759672932148,48.7
155,38.908552106445136,-76.96622798867557,53.516666666666666
156,38.89326613795384,-76.92143861795904,54.833333333333336
157,38.884589612861404,-77.05806914399953,29.0
158,38.8336116858424,-77.04391048842554,34.78333333333333
159,38.89994082141265,-76.95706764899242,50.21666666666667
160,38.935369641198484,-76.99559702302342,53.05
161,38.93014570984352,-77.09411836471386,35.93333333333333
162,38.907527779834744,-76.99898921174693,48.166666666666664
163,38.8841248478679,-77.02038742037499,35.75
164,38.935958265023785,-77.11189330373516,31.133333333333333
165,38.918434411283776,-77.07021757607416,33.61666666666667
166,38.86300837765985,-76.99424824883347,43.55
167,38.927618408108486,-77.08494420776907,36.7
168,38.88033760659558,-77.00975070946429,38.483333333333334
169,38.971144245584895,-77.0462429218629,40.45
170,38.88517945227943,-76.94543136106465,52.68333333333333
171,38.97459786177315,-77.06484368858435,38.21666666666667
172,38.91316106237098,-77.08666233094665,32.85
173,38.84850595271784,-76.97521344909319,53.03333333333333
174,38.941989850934206,-77.0687175855268,37.93333333333333
175,38.82403967065767,-76.99949254934083,47.86666666666667
176,38.92435279552211,-77.10205722600351,34.45
177,38.89770449776566,-76.94919027565895,51.983333333333334
178,38.90817717992807,-76.98954063743327,52.25
179,38.91136701016377,-77.00150220600851,47.88333333333333
180,38.95250884824869,-77.04404708987852,41.483333333333334
181,38.91282700312359,-76.96305283507819,57.233333333333334
182,38.90317643228993,-77.07972340169765,26.5
183,38.91454400930298,-77.08868336358509,34.083333333333336
184,38.89162179293824,-77.0548413242649,30.916666666666668
185,38.924435312538925,-77.02874066995768,44.65
186,38.915406817901925,-77.04399621672634,36.15
187,38.933578494607936,-77.08273204476323,36.083333333333336
188,38.939490135477435,-77.10339218147757,31.733333333333334
189,38.86308626674649,-76.95630194314825,52.36666666666667
190,38.89154874967418,-76.96341330950425,47.0
191,38.96508198142324,-77.04087281111174,44.983333333333334
192,38.975025247465275,-77.060067677409,38.56666666666667
193,38.95320643452759,-77.06370273162834,39.016666666666666
194,38.885606530763276,-77.05328932694643,29.35
195,38.83922641581046,-77.00077176482066,46.93333333333333
196,38.915969925582154,-77.01140759839983,47.6
197,38.885601777351745,-76.95510258887708,51.46666666666667
198,38.86763545887077,-76.9672046390961,49.18333333333333
199,38.86506291312661,-77.00019177583765,40.166666666666664
200,38.91651129042048,-77.01624083514632,45.61666666666667
201,38.866311939428314,-76.96444465965,50.85
202,38.947736031859016,-76.983987958,57.083333333333336
203,38.952753937778866,-77.06266705509384,39.416666666666664
204,38.86579450396239,-76.99656879395486,44.766666666666666
205,38.90635165843115,-77.0441805349236,35.05
206,38.90353110954709,-76.92290798609203,55.55
207,38.843439135038885,-77.00233963388547,48.083333333333336
208,38.86421091467301,-77.00592291213981,43.53333333333333
209,38.91074661880037,-77.09794447277832,31.283333333333335
210,38.951375068154796,-77.08190148904265,34.25
211,38.88795180290504,-77.00016667327674,40.333333333333336
212,38.91559169573521,-76.99627261901642,51.36666666666667
213,38.96731261159699,-77.05839425176043,40.38333333333333
214,38.91421787926172,-76.94583178154035,53.8
215,38.948222136171594,-77.07990740674666,35.333333333333336
216,38.86612674314288,-76.95704560805376,53.35
217,38.96816309603426,-77.02323198444832,46.65
218,38.88284078774452,-76.95202203229725,52.31666666666667
219,38.87584286992111,-76.99038496610976,38.86666666666667
220,38.895037415929544,-76.9451226476629,52.833333333333336
221,38.92426130960759,-77.06807073938734,34.25
222,38.961736606099656,-77.06324169021475,39.31666666666667
223,38.81069789446257,-77.01642090445888,44.733333333333334
224,38.82944872194042,-77.01591934708192,44.96666666666667
225,38.93979853050354,-77.10844112792371,31.2
226,38.87726759008652,-77.04207264361494,30.416666666666668
227,38.95525458369897,-77.0923829857578,31.833333333333332
228,38.85610057350302,-76.98829347941127,47.95
229,38.900070770608316,-77.0170195165957,37.93333333333333
230,38.865157024986054,-76.96718272924731,50.21666666666667
231,38.8730156993059,-77.01259408160584,40.1
232,38.859232178363584,-76.97629382211773,51.28333333333333
233,38.940619284422766,-76.97750952708716,55.85
234,38.93060202057211,-77.0980486830474,33.766666666666666
235,38.81566606746956,-77.02544940208533,38.833333333333336
236,38.91315162157761,-77.09993262119745,31.666666666666668
237,38.983469645550166,-77.04812689043014,38.233333333333334
238,38.874058399031256,-76.97590016119754,46.6
239,38.87691630795419,-76.99543899312854,39.85
240,38.883875126054264,-77.04881833645501,30.433333333333334
241,38.93215884886514,-76.96785462778357,53.15
242,38.88965509377273,-76.935127401809,54.0
243,38.91893737983413,-76.9806562694521,51.5
244,38.88492570091499,-76.92865109962474,53.55
245,38.872235255784425,-76.99240116177272,41.36666666666667
246,38.886033189619276,-77.06215005806213,30.95
247,38.93447179141177,-77.02761608605344,44.05
248,38.97017591928453,-77.02377045556145,49.0
249,38.955481201908,-77.08040183926454,35.11666666666667
250,38.980217073293495,-77.04659896490128,38.166666666666664
251,38.907321810919555,-77.09199798118752,30.783333333333335
252,38.87988348740457,-76.96552459435723,40.916666666666664
253,38.93416669479527,-77.0472294681537,38.96666666666667
254,38.83511512699032,-76.98713753501124,52.11666666666667
255,38.91751117207477,-77.00873496540731,47.1
256,38.87512678355729,-76.98341320627475,44.4
257,38.91015537143404,-77.08693389721782,33.31666666666667
258,38.926661346706595,-77.05443230613882,37.56666666666667
259,38.860146389047124,-76.98901935073886,44.36666666666667
260,38.98651530402816,-77.04898311195707,36.36666666666667
261,38.844514441620674,-77.01525585222278,44.13333333333333
262,38.927372324450516,-77.04640542740412,44.483333333333334
263,38.87416647834223,-76.98507311569459,44.0
264,38.88222481369085,-77.0099002602569,38.1
265,38.92496088860643,-77.10614840965229,33.416666666666664
266,38.9377468369066,-76.99666600077371,52.516666666666666
267,38.84338312061883,-76.98319126473662,49.15
268,38.87255566112859,-76.94057509609294,51.38333333333333
269,38.928133790634234,-77.00780758982197,50.68333333333333
270,38.919213113204016,-77.084113313424,40.2
271,38.938306951258234,-77.05318359433028,40.516666666666666
272,38.89653687622045,-77.04787235419542,31.116666666666667
273,38.936856575063,-77.02554811290635,43.81666666666667
274,38.85065479211737,-77.00200213288002,48.65
275,38.952345686428735,-77.06379820600269,39.86666666666667
276,38.83419727211349,-76.99142824483619,53.28333333333333
277,38.94148945735857,-76.99582083827163,55.71666666666667
278,38.973286327317915,-77.06371092824162,38.21666666666667
279,38.889915268596376,-77.03975212647235,31.516666666666666
280,38.89835338372154,-77.01793503629673,38.483333333333334
281,38.93619071925044,-77.02065545202245,48.15
282,38.86771650309064,-76.96577405516581,50.35
283,38.83040255905488,-76.99266040352924,49.85
284,38.891576689948266,-76.99160031250149,42.583333333333336
285,38.936463936069586,-77.0999796757859,32.5
286,38.8345660129031,-76.99932024333995,51.55
287,38.85773914172786,-76.96347680462638,51.36666666666667
288,38.95544780727465,-77.04802071804814,44.63333333333333
289,38.89798590294443,-76.99515077860183,43.983333333333334
290,38.90195118436958,-76.95104536609948,52.55
291,38.86640998696823,-76.95161099668933,52.06666666666667
292,38.83310818304414,-77.03458865740646,37.15
293,38.87721378496321,-77.00246511881784,38.06666666666667
294,38.88910728291142,-77.02211485717045,36.166666666666664
295,38.92633613536723,-76.97898057893335,52.68333333333333
296,38.84632931537765,-77.00478529218715,44.416666666666664
297,38.87109297878223,-76.95644717065781,52.016666666666666
298,38.89241293443246,-77.02317085676414,34.983333333333334
299,38.94732441443944,-77.01600275734594,47.68333333333333
300,38.96131002978277,-77.05838907765865,39.45
301,38.93591698821096,-77.06365878793679,37.833333333333336
302,38.86569069968969,-77.015210413371,43.1
303,38.966788125923884,-77.04358008734043,41.483333333333334
304,38.91422062823669,-76.98186771391892,50.416666666666664
305,38.8669129295532,-76.98068352748311,46.88333333333333
306,38.942954723479374,-77.05797386481618,40.95
307,38.88032232589904,-77.0423541047254,31.733333333333334
308,38.90386803608988,-76.96666898714108,54.0
309,38.87755478794417,-77.01844881108069,37.45
310,38.9930284876636,-77.04194742431098,40.516666666666666
311,38.86794851959061,-77.01210710021441,40.75
312,38.9031157613929,-76.97194136832984,51.016666666666666
313,38.92084855565733,-77.0413696219139,38.333333333333336
314,38.82127920497992,-77.01726887683304,39.55
315,38.88274379623835,-77.02052505612068,36.03333333333333
316,38.87637419977609,-77.0036434107489,39.15
317,38.852708907388646,-76.98681539669856,44.016666666666666
318,38.93930046372743,-77.01901410725813,48.68333333333333
319,38.92071214430201,-77.02478908238665,44.25
320,38.91353427892531,-76.98683569217778,49.21666666666667
321,38.89566820078599,-76.99719623905706,44.3
322,38.86861990204337,-76.99279744722796,43.016666666666666
323,38.97098845267631,-77.01864070097976,49.9
324,38.866233486760116,-76.95166039719949,52.083333333333336
325,38.94661941808661,-77.03348635053278,41.3
326,38.95995945479554,-77.02223135617747,49.2
327,38.92189915079873,-77.07055539352338,35.9
328,38.93821885286476,-77.00190872304212,52.25
329,38.902172693744696,-77.03084429055397,36.71666666666667
330,38.934164340794624,-77.07197095869827,38.483333333333334
331,38.93492152193495,-77.0106211834731,53.2
332,38.96900275092495,-77.02459769713222,49.4
333,38.897560606761914,-77.04355905497847,29.75
334,38.87006450926877,-76.9690987398998,46.4
335,38.91550539906725,-77.06891063457988,32.833333333333336
336,38.87155508143762,-76.94860247847716,50.6
337,38.93299466172297,-77.09484378857965,33.46666666666667
338,38.92818085096283,-77.08099255057252,38.68333333333333
339,38.954223541225616,-77.03665922397126,42.46666666666667
340,38.871219544679875,-77.02647160809776,43.93333333333333
341,38.87229980289653,-76.95593285212941,53.1
342,38.906145839515716,-76.94413211829132,52.583333333333336
343,38.938304162895534,-77.08860016251248,34.21666666666667
344,38.986256972466244,-77.04793000118056,38.75
345,38.935974857059854,-77.09123034813945,35.63333333333333
346,38.866956663914664,-76.94792051749373,53.93333333333333
347,38.90519556637834,-77.04345239993276,33.63333333333333
348,38.933502728649145,-77.11382507747341,25.066666666666666
349,38.93616114097846,-76.98798022527835,53.28333333333333
350,38.94088342860658,-77.02618062552781,42.53333333333333
351,38.891175540010956,-77.03449133028852,32.53333333333333
352,38.87794566497443,-77.03375296107505,34.46666666666667
353,38.9165087835167,-77.01506224218048,45.333333333333336
354,38.88655542952086,-76.99477574234143,41.46666666666667
355,38.9722992785011,-77.0440868692595,40.266666666666666
356,38.875760793819666,-77.00053835298546,39.63333333333333
357,38.79480037693804,-77.03683053094271,36.03333333333333
358,38.9146301373378,-76.96176583309801,54.4
359,38.94132333932253,-77.0793722404813,36.05
360,38.88594240073905,-76.97545732039654,48.85
361,38.91951523746556,-77.0201464178384,46.6
362,38.95086488082876,-77.06584598352595,39.13333333333333
363,38.85248118870783,-76.96492880255444,51.38333333333333
364,38.88640299716778,-76.94046696377973,51.13333333333333
365,38.921935038210634,-77.04303681595525,38.4
366,38.9148312615651,-77.00855763867635,48.166666666666664
367,38.946281198246574,-77.02118715875464,44.5
368,38.95267324955664,-77.06938127441751,38.06666666666667
369,38.95738721199648,-77.02610081622895,44.7
370,38.96472408170841,-77.0371977544897,43.5
371,38.887213907760604,-76.98889111079903,42.6
372,38.92247591323222,-76.95268564052964,56.833333333333336
373,38.90415806244837,-77.0414838894365,35.583333333333336
374,38.88983787546902,-76.99574026156242,42.0
375,38.8896445283428,-76.91964324870959,54.11666666666667
376,38.97918233691488,-77.03006698150938,42.38333333333333
377,38.874223052473724,-76.97563047851884,46.483333333333334
378,38.887453039551396,-76.95807190467752,51.46666666666667
379,38.96506017788471,-77.0405777103686,45.0
380,38.9616684707834,-77.07276647701147,37.35
381,38.82382816627487,-77.00366945266106,47.2
382,38.94669227973087,-77.1007717085597,32.85
383,38.92029382186083,-77.10242413509683,34.63333333333333
384,38.87113745973152,-76.95114525757707,53.8
385,38.897041014279395,-76.93208739783302,53.8
386,38.86050980013613,-76.96657553460439,52.36666666666667
387,38.941386160935224,-76.99572430919892,55.733333333333334
388,38.813183106761095,-77.02298116471611,38.71666666666667
389,38.89572729797016,-76.99569318797582,42.56666666666667
390,38.9210723968575,-77.05189879632931,32.55
391,38.82489867210554,-77.02408094482216,42.733333333333334
392,38.87324651329249,-77.01369747310477,41.85
393,38.798985424383865,-77.03788210031433,42.333333333333336
394,38.80504464696155,-77.03735118900877,43.25
395,38.925801384123154,-77.0643363953846,35.416666666666664
396,38.926271860091106,-77.02605805046713,45.083333333333336
397,38.941055654828865,-77.0976163359477,33.5
398,38.87845268139303,-77.03253077730638,34.71666666666667
399,38.94023086728135,-77.11149820969501,29.1
400,38.891380743990666,-76.98750425704196,46.31666666666667
401,38.90302381454349,-77.04118962313579,33.63333333333333
402,38.89520895388721,-76.91261959498374,58.15
403,38.88272976731939,-77.03371593380587,31.716666666666665
404,38.9402482843075,-76.9821997814152,54.81666666666667
405,38.90608765327827,-77.0496958807936,34.35
406,38.90239092884429,-76.97882798302075,51.083333333333336
407,38.87637568740897,-77.00814478818793,38.55
408,38.928934263852035,-77.02356165623054,49.2
409,38.87791785063538,-76.92997459483455,53.1
410,38.91079641532458,-77.08504326886336,32.28333333333333
411,38.92775300846049,-76.99639965520898,52.233333333333334
412,38.86566316832028,-76.95094732901572,52.36666666666667
413,38.96484669672952,-77.06399364973055,38.88333333333333
414,38.95502786559498,-77.04902870505079,44.63333333333333
415,38.90508663557141,-77.05610191135425,29.516666666666666
416,38.94074949125204,-77.08471380317734,34.36666666666667
417,38.88728967168101,-77.0078018980164,37.38333333333333
418,38.85665846521857,-77.0156975240557,48.46666666666667
419,38.882635084645955,-76.97766598641275,44.63333333333333
420,38.898362894248855,-77.00311494246492,41.833333333333336
421,38.887745662103676,-76.92857688863145,53.483333333333334
422,38.929996364982834,-77.0665537447872,35.333333333333336
423,38.92162950702417,-76.99290289368494,52.18333333333333
424,38.92133456595706,-77.00198813537732,50.166666666666664
425,38.93374665135587,-77.05999123033598,37.68333333333333
426,38.88270472899266,-77.03280472499173,31.616666666666667
427,38.94181745729692,-77.10945581217096,31.2
428,38.86534204508098,-76.99920425833281,40.3
429,38.9253189393764,-77.07294365893017,35.3
430,38.814977217479345,-77.02458848650417,38.8
431,38.91355024300652,-76.94907406445817,54.3
432,38.872940711530774,-76.93563497841566,51.0
433,38.829764791943774,-76.99655565921188,50.233333333333334
434,38.93493574984265,-76.99354752086083,53.43333333333333
435,38.98854919107981,-77.04345764753995,37.11666666666667
436,38.87254654973584,-77.01069805791919,39.3
437,38.97069295128467,-77.0493896489664,40.9
438,38.86708552782385,-76.99731268324585,44.56666666666667
439,38.877686753432876,-77.04582218683277,29.95
440,38.854128075744384,-77.02037688605779,48.25
441,38.98279854714134,-77.0508404910867,38.78333333333333
442,38.92613173584295,-77.10378566487057,33.583333333333336
443,38.932508254036854,-77.06680946763473,35.93333333333333
444,38.84764701899453,-77.00957791969492,44.15
445,38.93118264726945,-77.02382226005678,48.88333333333333
446,38.861988496468626,-77.0125394219603,42.03333333333333
447,38.86450762537181,-77.01773607658647,46.233333333333334
448,38.94278925512798,-77.02969421769043,41.233333333333334
449,38.958334450809716,-77.01467128974278,50.75
450,38.81295811953612,-77.03489846592818,41.56666666666667
451,38.86171699111346,-77.02091215766471,40.9
452,38.91776289066285,-77.00463642058901,49.916666666666664
453,38.9138125141122,-77.10136822672057,24.616666666666667
454,38.940238252915684,-77.08673942868718,33.93333333333333
455,38.80714162978725,-77.02993765328809,38.266666666666666
456,38.93711162116609,-77.03801522322998,38.233333333333334
457,38.85991920374443,-77.00984587189895,46.1
458,38.90352268993315,-77.07258700898188,28.366666666666667
459,38.93061399583728,-77.02364807367724,47.78333333333333
460,38.972713653706144,-77.06918277063811,36.61666666666667
461,38.867037311997585,-77.01837015481435,46.53333333333333
462,38.8170726970617,-77.03310743946567,40.61666666666667
463,38.98788703544823,-77.03348515148363,39.96666666666667
464,38.94322561238269,-77.02010612508585,44.483333333333334
465,38.88189514168555,-77.00779084520107,38.4
466,38.862001695946425,-76.95908564359446,51.4
467,38.94470647070248,-77.01608274441647,49.266666666666666
468,38.89079629488159,-77.0092568239754,38.916666666666664
469,38.95941403141105,-76.99484108837909,53.25
470,38.948358059697526,-77.07261570711285,37.68333333333333
471,38.894890559590166,-76.99756710900913,42.53333333333333
472,38.84782574733885,-76.97315277360892,54.13333333333333
473,38.857743326488176,-77.00538593394508,45.11666666666667
474,38.8625103089898,-76.94954574488084,52.96666666666667
475,38.91450494375308,-77.07914199524184,35.3
476,38.88369181105764,-77.03721088025601,35.5
477,38.86534129712345,-77.03555330773185,36.03333333333333
478,38.89710656197301,-76.98958923616485,50.166666666666664
479,38.92591391054154,-76.95650209907303,59.93333333333333
480,38.93819700982313,-77.10818325561928,31.0
481,38.92713428301565,-76.99885257942515,51.71666666666667
482,38.94415654545206,-77.04450391466423,40.5
483,38.9086396895334,-76.95337285987765,52.71666666666667
484,38.91083500140979,-77.05676826954557,33.13333333333333
485,38.88638585776151,-76.92029248513904,54.06666666666667
486,38.85021459971907,-76.9698481662972,51.45
487,38.90377251163888,-76.99578112212863,47.53333333333333
488,38.89696581547684,-77.04211894719039,31.966666666666665
489,38.935987127616116,-77.07010393437206,37.53333333333333
490,38.90813070234134,-76.98925252188774,52.28333333333333
491,38.908623111680384,-77.02919915148232,38.35
492,38.895270251244284,-76.94722871708811,52.53333333333333
493,38.938828658656035,-77.02743091761906,42.88333333333333
494,38.97211468784497,-77.03909074081238,39.733333333333334
495,38.94922746936027,-77.06438621259363,41.166666666666664
496,38.95721354777814,-77.00691526653362,52.56666666666667
497,38.95311937877607,-77.02280674520722,44.85
498,38.8711570714356,-77.04043105546478,30.733333333333334
499,38.89152797359821,-76.98157413605195,48.61666666666667
500,38.92778851952108,-77.05587660203588,39.05
501,38.85333147873779,-77.00491461844163,44.53333333333333
502,38.83748183388721,-77.04394821729842,34.45
503,38.8547437123806,-76.97955732945806,51.416666666666664
504,38.86446987209363,-76.95025106580998,53.333333333333336
505,38.93708276342057,-76.98037564090956,54.55
506,38.91865421475573,-77.07344431350126,34.983333333333334
507,38.968559915788894,-77.03732004111801,44.06666666666667
508,38.947338825255855,-77.06683722948105,38.61666666666667
509,38.87379438414388,-76.99400269573395,40.68333333333333
510,38.87129884868209,-76.93812993494514,52.1
511,38.90638150621585,-76.94711022072123,53.05
512,38.825241038100806,-77.0373095917059,37.983333333333334
513,38.885688109731866,-76.94343348997987,52.05
514,38.878875952418475,-76.95735338098426,48.38333333333333
515,38.92719987350143,-77.08778361716178,36.1
516,38.88392612841585,-76.94856124357871,51.71666666666667
517,38.877985127356894,-76.95947622006645,48.18333333333333
518,38.879645836808265,-77.01819812727369,36.38333333333333
519,38.96607759931741,-77.02702308421487,46.03333333333333
520,38.85998988141284,-77.01239526203229,47.56666666666667
521,38.945988961500646,-76.98117502986535,55.483333333333334
522,38.91937620990868,-77.06823908092228,36.0
523,38.91905341066135,-76.96074695921912,56.36666666666667
524,38.92188653281622,-77.06666212510223,34.25
525,38.908199064735456,-76.96569273715123,53.416666666666664
526,38.84335147392351,-76.98029808523718,52.78333333333333
527,38.98901619270185,-77.0412647734432,39.55
528,38.96865553935933,-77.01366930707404,51.11666666666667
529,38.931932546585564,-77.10547366846676,31.816666666666666
530,38.827637027611,-77.01209952349323,43.11666666666667
531,38.93019308933373,-77.06811036005305,39.3
532,38.856146222216715,-76.96243002565852,51.9
533,38.892011517563475,-77.02526295192949,34.6
534,38.94018132736476,-77.0572074480343,41.25
535,38.8993406080445,-76.91739868208151,57.1
536,38.892315928529854,-76.91237595776873,61.61666666666667
537,38.91924374115886,-77.03768787550344,41.21666666666667
538,38.92490785662945,-76.98286805255096,52.68333333333333
539,38.91454136829812,-76.9761268142403,52.63333333333333
540,38.92099117178965,-76.97785482497318,51.983333333333334
541,38.82629605726846,-77.03693130682895,37.983333333333334
542,38.89195904010604,-77.01199590328561,37.5
543,38.863614936521785,-77.01611390044027,44.31666666666667
544,38.87583143418855,-76.9624023992643,48.016666666666666
545,38.85746973410151,-77.03099304660479,38.583333333333336
546,38.8426078354291,-77.01313608601453,44.05
547,38.96562093193732,-77.05231426196008,41.61666666666667
548,38.95355515365918,-77.0181889502614,48.483333333333334
549,38.862744240251196,-77.04053641240533,35.15
550,38.93568622654195,-77.01677465642902,51.93333333333333
551,38.932815496122146,-77.10650206887787,31.616666666666667
552,38.88442511959344,-77.00518773228127,39.56666666666667
553,38.940792739674244,-77.01809099514242,47.583333333333336
554,38.88088616331451,-76.97680926266722,48.86666666666667
555,38.93114313345137,-77.05101266106726,42.21666666666667
556,38.885600190086464,-76.94214186825423,52.11666666666667
557,38.8565784573596,-76.9952079188223,44.03333333333333
558,38.95325230146592,-77.08262866159409,33.983333333333334
559,38.89190655915075,-77.04882076682405,27.9
560,38.91990486720959,-77.07618553299497,36.4
561,38.97588864903345,-77.03328996034843,42.31666666666667
562,38.86283664377432,-77.03666377644957,35.63333333333333
563,38.9553024208717,-77.0040910678979,53.63333333333333
564,38.848307775178,-77.02877159021425,45.75
565,38.86455659525258,-76.99780712839348,40.983333333333334
566,38.937286667090966,-77.08673726128946,34.71666666666667
567,38.971397733365734,-77.04724429312702,40.45
568,38.95747489549508,-77.04952131813516,46.5
569,38.86316387096699,-77.0170222300076,44.96666666666667
570,38.85705093748897,-76.95808798378546,52.483333333333334
571,38.940234159093436,-77.04008292817743,41.55
572,38.937782699967336,-76.99322627941729,52.083333333333336
573,38.891680541989096,-77.05003205227781,27.85
574,38.88303942806452,-76.93908744658263,51.13333333333333
575,38.84727596084187,-77.02936302667806,45.8
576,38.82272312523399,-77.00247390977314,47.96666666666667
577,38.969820911480255,-77.01951507928155,49.68333333333333
578,38.94048187820767,-77.08709870844233,33.85
579,38.87142727810358,-77.01525888318668,44.25
580,38.87973530271454,-77.04289391151735,31.733333333333334
581,38.9043148716018,-77.04481524451948,34.5
582,38.95771181872007,-77.04127381422639,42.13333333333333
583,38.859448555344,-76.96260659502342,53.55
584,38.8659116327544,-76.96135637474272,51.05
585,38.91667252329129,-76.95215635160025,54.38333333333333
586,38.94290581049559,-77.03849898227004,41.266666666666666
587,38.8480933329789,-77.02466440002645,45.7
588,38.90593831978321,-77.05817525278715,32.8
589,38.86263509986719,-76.95644661544046,52.46666666666667
590,38.86243876508151,-77.01402447236165,43.916666666666664
591,38.94170886350097,-76.98575297566356,53.56666666666667
592,38.950150989841184,-77.0752442350684,36.666666666666664
593,38.88131744144368,-76.9481422794028,49.35
594,38.81964330460769,-77.02192536718701,41.416666666666664
595,38.88007950958184,-76.95087293356688,51.233333333333334
596,38.93796897698866,-77.02823130129808,42.65
597,38.9651788454168,-77.06706449471518,38.3
598,38.888735689522434,-76.94642141345516,50.55
599,38.83709177125509,-76.99654241032879,48.166666666666664
600,38.94478407964096,-77.09464089431442,32.4
601,38.92822263417961,-76.98065648140353,53.65
602,38.86661770271939,-76.95180046101515,52.18333333333333
603,38.95015832062455,-77.04629405178338,41.21666666666667
604,38.92649944578984,-77.09316667866098,35.8
605,38.908760715595704,-77.08814536017,32.46666666666667
606,38.942694668225556,-76.97542484255304,56.46666666666667
607,38.861809300774965,-77.00941976879032,44.43333333333333
608,38.87697309626128,-76.99048922922366,37.36666666666667
609,38.84933699717404,-77.01574449363328,45.15
610,38.905054390701764,-76.98314767533562,50.36666666666667
611,38.90985838017789,-77.00904955018547,42.85
612,38.8816546244441,-76.94472327625112,50.083333333333336
613,38.908683391252524,-77.08906046870685,32.65
614,38.82147835044738,-77.01581318588504,40.9
615,38.88390336072067,-76.98579293058036,41.35
616,38.86285130524379,-77.00159282512053,43.55
617,38.92204210223242,-76.98379722062108,51.983333333333334
618,38.924251908294146,-77.00423034282166,49.43333333333333
619,38.90978868596811,-77.0298807016026,39.13333333333333
620,38.87745374859797,-76.93414733413098,53.3
621,38.86001096832959,-76.96901525152452,52.15
622,38.901582240892886,-77.05856488899178,30.933333333333334
623,38.84983569827553,-76.97889167215205,50.61666666666667
624,38.95291266737581,-76.99334393615803,55.75
625,38.92336654494007,-76.98663694836026,52.916666666666664
626,38.877120723076565,-76.93091294944468,52.38333333333333
627,38.847150574189754,-77.01223654477928,44.36666666666667
628,38.9850238093215,-77.0461057564261,36.68333333333333
629,38.88024294870479,-77.00183217898636,38.016666666666666
630,38.89901370194507,-76.93141628851043,52.4
631,38.85986257698416,-76.96394648420971,53.266666666666666
632,38.821465316206826,-77.03160656227615,42.93333333333333
633,38.884806358422125,-77.00017162666605,38.333333333333336
634,38.914625409763055,-76.9971968547832,52.31666666666667
635,38.87478345132998,-77.00282927466614,40.61666666666667
636,38.85337256065922,-76.96883364212843,51.833333333333336
637,38.85214369531204,-77.00255311146641,48.65
638,38.9728810081567,-77.02379607047436,45.266666666666666
639,38.92536289893396,-76.95658269534549,60.03333333333333
640,38.95916215099337,-77.05288892145636,42.733333333333334
641,38.86129021392115,-77.0044423666876,42.0
642,38.8919840829031,-77.0057913682805,38.416666666666664
643,38.81538375056554,-77.0194014045126,39.0
644,38.872744898694776,-77.02708274415438,36.13333333333333
645,38.967382782844666,-77.07463523282183,35.733333333333334
646,38.8828507831437,-76.94090261372047,50.983333333333334
647,38.96294941061043,-77.0515020883112,40.96666666666667
648,38.935573164371185,-77.10747123223558,30.783333333333335
649,38.88967055454992,-77.03265366836777,33.0
650,38.862133475986475,-77.01642620982544,46.78333333333333
651,38.92164090704243,-77.1072731901133,25.016666666666666
652,38.869661006599955,-77.02612906671796,35.833333333333336
653,38.86505624124344,-77.03721963906403,36.03333333333333
654,38.951291101637395,-77.09664863222172,31.633333333333333
655,38.90407904740656,-77.08367600191593,30.016666666666666
656,38.948914213614145,-77.05492843211785,41.56666666666667
657,38.93406685504381,-76.99328196465325,53.61666666666667
658,38.84743219381536,-77.00542937933484,44.81666666666667
659,38.93204661029018,-77.09052031178457,34.666666666666664
660,38.86020568444329,-76.95827442156894,53.166666666666664
661,38.919992787626505,-76.95745559263659,52.95
662,38.98673907278193,-77.02974001216074,39.93333333333333
663,38.83854933529942,-77.02270727646624,46.86666666666667
664,38.95892047459913,-77.02688289098575,46.583333333333336
665,38.97733578442723,-77.03667516156241,44.95
666,38.83219291714233,-76.99013989936435,51.45
667,38.87492479993446,-77.02274100473517,37.233333333333334
668,38.92382099886305,-77.04579307283477,37.666666666666664
669,38.871050922502114,-76.95514446613593,52.21666666666667
670,38.90506705397384,-77.0025408816293,48.31666666666667
671,38.902091782555566,-77.01123015148603,40.28333333333333
672,38.9181567353245,-76.99101215288461,52.63333333333333
673,38.86755819036601,-77.03826624818655,31.333333333333332
674,38.948697869383295,-77.01169010098087,50.833333333333336
675,38.87438610323579,-77.02800925939087,35.38333333333333
676,38.88897385639245,-77.03077942753653,35.45
677,38.894903179258534,-76.97715031322883,51.3
678,38.81923486590007,-77.01009872266462,49.68333333333333
679,38.90519805784181,-77.08223826868546,29.916666666666668
680,38.84330454762132,-77.02697216399056,46.78333333333333
681,38.96497895406225,-77.0447718418492,41.85
682,38.91344609687597,-77.03428216478301,38.95
683,38.894697620939844,-76.96003361269328,48.43333333333333
684,38.92272419419222,-77.01309689339122,50.28333333333333
685,38.99113131640915,-77.0354025362794,38.266666666666666
686,38.84818740947112,-76.9885173898988,48.083333333333336
687,38.95841124627739,-77.00749229635709,52.666666666666664
688,38.97329935216112,-77.02014728139216,47.93333333333333
689,38.90766461016065,-76.96879583837334,54.266666666666666
690,38.822749248772844,-77.02232736366362,42.916666666666664
691,38.90282101494778,-76.97189455028419,51.266666666666666
692,38.941051902671724,-76.98913979875257,53.3
693,38.908283858351496,-76.93445441222408,56.516666666666666
694,38.827278540834065,-77.03426039987157,37.983333333333334
695,38.95551487205576,-76.99166036179112,53.85
696,38.86622862955098,-77.036823805685,36.083333333333336
697,38.94736044214681,-77.02656633867693,42.46666666666667
698,38.88249610487769,-77.03764999681992,32.6
699,38.88917459647522,-76.97528277952611,47.583333333333336
700,38.95965936095088,-77.01265828423779,52.85
701,38.88302541416308,-76.99408926024196,40.666666666666664
702,38.8459751285998,-77.02674243834532,45.85
703,38.837226407162404,-76.98362775410935,52.233333333333334
704,38.93154064617832,-76.99406397204798,52.25
705,38.831123558084755,-77.01829357573591,43.06666666666667
706,38.93513487282447,-77.04794636556093,36.766666666666666
707,38.92383060702611,-77.0860177251927,36.45
708,38.9688349415477,-77.04273906844317,40.68333333333333
709,38.96136053004715,-77.083386432491,34.516666666666666
710,38.87190004830111,-77.006062378527,38.983333333333334
711,38.90612445969969,-76.97248809251782,53.166666666666664
712,38.88905236863864,-77.03433083098858,32.583333333333336
713,38.83792163123986,-77.00305884019357,45.65
714,38.927927469665285,-77.08695619290779,36.233333333333334
715,38.87838039079084,-76.9575161941624,48.016666666666666
716,38.8481495292724,-76.98365477535995,49.55
717,38.98231230479053,-77.05511405251754,37.45
718,38.86834413719012,-77.00225499973983,48.916666666666664
719,38.94725677806366,-77.09729692653595,31.316666666666666
720,38.93160263918008,-77.11255260568986,25.333333333333332
721,38.860895803465496,-77.01220118618362,47.55
722,38.938642277517594,-77.05305890519561,40.516666666666666
723,38.86932192222544,-76.96048510023408,48.8
724,38.884493304831615,-77.03729986724959,35.38333333333333
725,38.93834717217829,-77.00563558869656,54.05
726,38.86687955821887,-76.99454032987384,46.28333333333333
727,38.90437552403467,-76.97851528067947,53.43333333333333
728,38.921152999908436,-77.05539494813304,34.46666666666667
729,38.86903298415737,-76.97665844184372,48.0
730,38.92441222623683,-76.961319412375,57.733333333333334
731,38.926306179465236,-77.10486034559317,33.2
732,38.85788808490775,-76.96002329071895,52.45
733,38.939818527903725,-77.02685491219361,43.15
734,38.901859212783265,-76.97719481662428,50.78333333333333
735,38.974154809614326,-77.06126231703132,39.05
736,38.957797623461595,-77.043604537012,44.15
737,38.95942427506117,-76.99965305232641,53.46666666666667
738,38.908823229695564,-76.96360374956296,54.0
739,38.943182635096626,-77.05840543044033,42.53333333333333
740,38.93725435065096,-76.9867169503849,53.13333333333333
741,38.88165880366191,-76.95090613512315,51.93333333333333
742,38.90843908634159,-77.04480422193691,35.083333333333336
743,38.91375574306469,-77.09261691683672,32.65
744,38.95034753590999,-77.02432005566999,44.53333333333333
745,38.85140647493306,-76.96879430030941,52.766666666666666
746,38.95225438436188,-77.08587186007283,33.71666666666667
747,38.894624410997864,-77.0043454179585,39.55
748,38.95409781827143,-77.07872231461245,35.11666666666667
749,38.88163135280089,-76.95927446701026,48.18333333333333
750,38.944616671272904,-76.97764515896014,56.7
751,38.935281677114126,-77.04644578824946,37.15
752,38.882667979882044,-77.03599203004637,31.533333333333335
753,38.883831352366855,-77.05987594374125,30.6
754,38.95736675019751,-77.07862067968411,35.96666666666667
755,38.935506004297494,-76.996443611583,53.45
756,38.88109839397348,-77.04242464816907,31.616666666666667
757,38.825057149695915,-77.0251773606295,43.516666666666666
758,38.87769061988666,-77.00652951641443,37.6
759,38.93607880012875,-76.96704771936857,54.9
760,38.882704973243534,-77.03588310321729,31.533333333333335
761,38.949292522949726,-77.06539316633125,39.416666666666664
762,38.91427189478362,-76.96485645008485,56.31666666666667
763,38.958206907458916,-77.01911788136042,49.28333333333333
764,38.95289869703552,-77.07644066181221,39.233333333333334
765,38.98003736032788,-77.03008727087368,42.06666666666667
766,38.89569023969726,-76.9786865897892,49.96666666666667
767,38.93341702326893,-77.06963090818267,37.916666666666664
768,38.8924605407356,-76.94762107200081,49.733333333333334
769,38.908423887834125,-77.07167024573549,31.8
770,38.93804398961158,-77.04154678267744,41.733333333333334
771,38.94928548304478,-77.02856909828822,42.0
772,38.94151198277209,-77.01662551139468,46.7
773,38.84821858264245,-76.97838599059546,49.38333333333333
774,38.8785135636623,-76.98455788353075,41.05
775,38.9010775337735,-77.0653678713144,28.916666666666668
776,38.92947346408596,-77.02424117430476,49.28333333333333
777,38.90433265529418,-77.00147404732927,44.93333333333333
778,38.891415227271466,-77.01261793537968,38.6
779,38.82734894575672,-77.02686939813097,43.583333333333336
780,38.880661884381716,-76.97116498708841,49.81666666666667
781,38.85373602903956,-77.01263572251493,46.166666666666664
782,38.9139800156963,-77.03168054760815,39.46666666666667
783,38.89072669618924,-76.9742933313847,48.15
784,38.931891120916724,-77.05292720541479,42.03333333333333
785,38.92331445807252,-77.07599947677546,36.71666666666667
786,38.83395654736621,-76.99962250614034,51.4
787,38.95357613927041,-77.01971418479575,47.733333333333334
788,38.95414464392418,-77.00001067652978,53.71666666666667
789,38.94911643625335,-77.04715816049783,41.03333333333333
790,38.894653162968666,-77.06444354898801,27.85
791,38.879157266322814,-77.03665195937033,35.75
792,38.90394953149239,-77.05904741885193,31.0
793,38.82439942778753,-77.00327351529927,48.61666666666667
794,38.889882508401875,-76.971841700472,48.9
795,38.917642764171866,-76.99456135107178,51.483333333333334
796,38.88328548024023,-77.03914279151869,35.35
797,38.96350026973565,-77.02244519772697,48.35
798,38.926451265065275,-77.04012979407858,41.4
799,38.86880526760563,-76.97918030897002,47.583333333333336
800,38.81789823888872,-77.01643348782568,44.11666666666667
801,38.8944949623702,-77.0516317466558,30.1
802,38.97088233471787,-77.04222970305077,40.03333333333333
803,38.97140677680138,-77.01761912772889,49.38333333333333
804,38.88732980031973,-76.96133492819779,53.11666666666667
805,38.88445495931137,-76.95715421000632,49.266666666666666
806,38.87531483319125,-76.95789559245387,49.233333333333334
807,38.89491707374495,-76.943965725684,53.36666666666667
808,38.87818663312963,-76.98426197883272,41.43333333333333
809,38.88430327119201,-76.92377831195952,55.38333333333333
810,38.896658574983825,-76.94677367652247,52.1
811,38.8787900230778,-76.96267826317823,48.86666666666667
812,38.90655191724163,-77.04222112616878,35.016666666666666
813,38.86557006078739,-77.00567935329609,51.25
814,38.97771333200653,-77.02977138337046,44.583333333333336
815,38.88781223833352,-76.97078035572267,47.5
816,38.864779304162695,-76.95048111188426,54.15
817,38.940695071722054,-76.98959505474826,52.93333333333333
818,38.89535987745164,-77.00568999843036,39.96666666666667
819,38.849473161841516,-77.02049445424579,45.93333333333333
820,38.97701909148759,-77.03590728160077,41.9
821,38.91905347695813,-77.07635918510573,35.81666666666667
822,38.90433359688947,-77.08546539944298,30.2
823,38.952367715827485,-77.06517998699317,39.266666666666666
824,38.881211418887304,-77.03754248123964,32.63333333333333
825,38.883160780062155,-77.00164951488536,37.43333333333333
826,38.88568223148603,-77.01062092785725,36.9
827,38.938158234628574,-77.00353012564192,52.81666666666667
828,38.85752847103183,-76.96887653545696,52.75
829,38.914456351053374,-77.0750423938871,34.766666666666666
830,38.86303639201312,-77.03001575124237,37.21666666666667
831,38.93414644874016,-76.9882658175575,53.31666666666667
832,38.942566890440325,-77.00979958531771,50.95
833,38.894537494978614,-76.96980793223307,49.86666666666667
834,38.94837211534527,-77.04061148600431,41.766666666666666
835,38.88473041873124,-77.0169116766695,37.05
836,38.84111306980957,-76.98563789218588,52.81666666666667
837,38.86611923602746,-77.03661216186842,36.083333333333336
838,38.86370472679411,-76.9693421270421,51.333333333333336
839,38.93265574614459,-77.02727339801783,44.7
840,38.88772032573251,-76.95459540235117,50.18333333333333
841,38.954891071237505,-77.09148289126081,32.5
842,38.965715092045464,-77.05557101218493,41.583333333333336
843,38.9257943572602,-76.96944494500181,54.083333333333336
844,38.9267029692505,-77.04688298895746,44.71666666666667
845,38.83576849555187,-77.00574665983291,46.016666666666666
846,38.96680412962102,-77.03382163156274,44.11666666666667
847,38.883691690358084,-76.9418395742452,50.88333333333333
848,38.91086335885868,-77.05349292255643,33.583333333333336
849,38.982649053808494,-77.05308918836161,37.666666666666664
850,38.8184887733705,-77.03342609018142,43.03333333333333
851,38.908504032371226,-77.06987085565535,31.916666666666668
852,38.89004106596233,-76.95134703433247,51.61666666666667
853,38.894656883572615,-76.98534222112265,47.88333333333333
854,38.93392272781446,-77.10556404306537,31.9
855,38.903770458652566,-76.99857029653809,46.2
856,38.93205915702323,-77.08354244003569,37.63333333333333
857,38.84571014716372,-76.99954589568739,44.3
858,38.89120288765879,-76.91856116058644,54.1
859,38.93295499665385,-77.09563195635744,33.36666666666667
860,38.966950122442015,-77.0563869810565,40.666666666666664
861,38.84371104150563,-77.0329910915548,40.65
862,38.89662967205696,-77.0332808341758,34.3
863,38.95922808808598,-77.00404050195819,53.266666666666666
864,38.84032875220024,-76.97937719364036,52.56666666666667
865,38.80609167743657,-77.03712265214673,43.25
866,38.853318735762045,-77.0305076722947,39.31666666666667
867,38.924859069383835,-76.96451743549936,53.75
868,38.88464902870706,-77.05840945146399,29.233333333333334
869,38.909199854388724,-77.08929514576576,32.96666666666667
870,38.91178912568011,-76.9489534651147,54.233333333333334
871,38.90791242544792,-77.0855486339959,31.766666666666666
872,38.91122524766517,-77.07174855033604,32.8
873,38.883388961553926,-77.04997309450255,30.383333333333333
874,38.95573161345535,-77.02275790515843,48.166666666666664
875,38.83204977608883,-77.01037969330135,43.65
876,38.94169824511664,-77.07370773142,38.983333333333334
877,38.87850981047984,-76.98664586620102,40.333333333333336
878,38.89383368723555,-77.00529365331744,41.96666666666667
879,38.84874047286812,-76.99191356570559,48.71666666666667
880,38.879657050775066,-76.93870816141194,52.13333333333333
881,38.89354865871577,-77.0583340795735,26.4
882,38.88537075622202,-77.03493349768343,32.68333333333333
883,38.86829002156424,-76.99279632446381,43.05
884,38.850732545930875,-76.96562846251867,51.36666666666667
885,38.966955005918564,-77.04718567481801,41.31666666666667
886,38.93973206765332,-76.99894528489587,54.11666666666667
887,38.83091264599954,-76.99621603477705,51.15
888,38.94229812749562,-77.10467199610656,32.3
889,38.867633964941156,-77.01854076223474,46.833333333333336
890,38.965084403060466,-77.01859044345785,49.083333333333336
891,38.909380803422124,-77.00922694262603,42.7
892,38.927194942937334,-77.06980704810395,35.583333333333336
893,38.897980721661156,-76.92292911858699,53.416666666666664
894,38.82607873797277,-77.02667166872929,43.083333333333336
895,38.881533156281314,-77.01308558799917,39.983333333333334
896,38.91649751730057,-77.08609078703691,34.86666666666667
897,38.91826374701824,-76.99212241642317,51.333333333333336
898,38.88627408538398,-77.0021643641685,39.13333333333333
899,38.98517456325078,-77.03490039587251,39.6
900,38.89189419315032,-77.02645522813971,34.18333333333333
901,38.92111042846324,-76.99547532960078,53.666666666666664
902,38.954009859240905,-76.99940461787806,53.31666666666667
903,38.9478148919998,-77.0112023550985,50.7
904,38.87891583031889,-76.99918210505915,38.05
905,38.90588350596521,-77.0657991635027,29.566666666666666
906,38.82959862227634,-77.0248604455323,45.31666666666667
907,38.90580846555054,-76.94958040630468,50.78333333333333
908,38.93043178687273,-77.05257666878059,41.88333333333333
909,38.98541508496921,-77.02779504258123,40.88333333333333
910,38.8215344898666,-77.01301849735765,44.4
911,38.89551132362146,-76.99535615849842,42.38333333333333
912,38.89367346780421,-77.00709369515049,38.9
913,38.92430621065865,-77.11133118805647,23.716666666666665
914,38.830830692138015,-77.00647965256431,44.93333333333333
915,38.93826175058113,-77.04464774788886,41.61666666666667
916,38.9320555852731,-77.02445915485661,47.733333333333334
917,38.82389654837373,-77.0065723776078,44.8
918,38.88536372745324,-77.02021504118397,35.65
919,38.91390184041481,-77.0759657611137,34.46666666666667
920,38.976316250334875,-77.06233811346708,37.75
921,38.899308748363026,-77.06460152770657,27.716666666666665
922,38.96448741113821,-77.02819480618035,46.05
923,38.94564717290478,-77.03048242012352,41.53333333333333
924,38.98807427495383,-77.03961530308618,39.93333333333333
925,38.92464998175704,-77.07935754945323,37.833333333333336
926,38.956899240128585,-76.99431366639439,53.88333333333333
927,38.953159030726034,-76.99750030876595,53.21666666666667
928,38.882703039353906,-76.94613017506063,51.85
929,38.877653485264,-76.94932164151496,51.083333333333336
930,38.86919574232647,-76.9568015643574,51.8
931,38.851242043333926,-77.01215305869552,44.4
932,38.93670514661393,-76.96941410566713,54.483333333333334
933,38.914172808604235,-76.95382550570403,53.96666666666667
934,38.89017430482028,-77.04607588386047,29.116666666666667
935,38.885039283637376,-76.98291099079759,44.016666666666666
936,38.91714830462115,-76.97756078003627,52.8
937,38.91365083358662,-76.98149152568455,50.45
938,38.92055066056647,-77.09970350559276,35.083333333333336
939,38.89615645009891,-76.9619341350657,47.516666666666666
940,38.860429673145,-76.98517265380248,46.21666666666667
941,38.96081152222545,-77.0100956798033,53.61666666666667
942,38.83831274210182,-76.98519972071519,52.38333333333333
943,38.83802154614736,-77.01994883545832,45.333333333333336
944,38.892831885032166,-77.03763464376068,35.53333333333333
945,38.86213121583117,-76.95566643589952,52.25
946,38.97361773563295,-77.04868891232849,40.81666666666667
947,38.945089201286684,-76.98037767337581,55.11666666666667
948,38.90940992427117,-77.0984097642499,24.966666666666665
949,38.82508399049807,-77.01334176225033,44.766666666666666
950,38.95120793149779,-77.07086830500437,37.3
951,38.91290001864655,-77.02086601914185,41.733333333333334
952,38.86504457866074,-76.95392258663338,53.36666666666667
953,38.9621354653196,-77.02472817740924,48.55
954,38.82440298439287,-77.03654134465074,37.983333333333334
955,38.951383402218035,-77.06099923111502,40.4
956,38.95473037498288,-77.03162307703819,43.55
957,38.93221597104635,-77.01442662716893,53.18333333333333
958,38.93684026728179,-77.0370114039591,41.0
959,38.81801469165279,-77.01363800624102,44.1
960,38.91704281208579,-76.97902776786063,50.21666666666667
961,38.956474629802656,-77.04713583073584,44.63333333333333
962,38.89265469555665,-76.95105384287928,53.81666666666667
963,38.88700563102166,-77.01606662016628,36.93333333333333
964,38.852117129542826,-76.99129617665412,47.81666666666667
965,38.89321321420129,-77.054178790887,28.15
966,38.952995413880004,-77.03616281196291,42.36666666666667
967,38.90131901097237,-77.037852218353,32.983333333333334
968,38.921825602776394,-77.0684761156047,36.11666666666667
969,38.85940771933388,-76.95799474399277,53.78333333333333
970,38.85391071695987,-76.98629624525104,49.06666666666667
971,38.91053062161775,-77.04997112039428,32.61666666666667
972,38.91871315418182,-77.08038896227292,40.25
973,38.85456420092961,-76.9635651775124,51.43333333333333
974,38.891438785266324,-77.03453046371351,31.8
975,38.95674249320888,-77.04914260132416,44.53333333333333
976,38.93953614706359,-76.9763928948817,55.18333333333333
977,38.87351892405825,-76.98249426026831,46.85
978,38.918995762744935,-77.02187546071603,45.266666666666666
979,38.97560054707043,-77.05976844722562,38.71666666666667
980,38.9201602896018,-77.04937396829301,35.9
981,38.86056338565905,-76.95682450406854,53.4
982,38.964537179577356,-77.07443645392318,37.55
983,38.95068493262448,-77.03114825843421,42.11666666666667
984,38.98281708434566,-77.03238910269681,41.46666666666667
985,38.89405810178702,-77.03809543107032,34.916666666666664
986,38.95821746914449,-77.02299558652521,49.75
987,38.85298334703916,-77.00531017538228,44.61666666666667
988,38.95604732435804,-77.03146819082535,43.55
989,38.80943412984626,-77.02400339796145,38.45
990,38.96154189662734,-77.00272796306483,52.4
991,38.857452585787996,-76.96958223143709,52.583333333333336
992,38.951095982540295,-77.00380954165453,52.7
993,38.89561360227723,-76.9507023462334,48.86666666666667
994,38.85873907795334,-76.99708212179391,43.833333333333336
995,38.9649063421752,-77.06757091873342,37.86666666666667
996,38.947308391829544,-77.03789735594482,41.483333333333334
997,38.95867681387394,-77.01255583159084,51.016666666666666
998,38.93756473117881,-76.96747809614547,54.68333333333333
999,38.88318196353496,-77.05959571787298,30.533333333333335
